-- c:\teste.tab
--
-- Generated for Oracle 8 on Fri Sep 22  09:24:38 2006 by Server Generator 6.0.3.3.0
 

DROP TABLE PARCELA CASCADE CONSTRAINTS;
DROP TABLE ITEM_VENDA CASCADE CONSTRAINTS;
DROP TABLE VENDA CASCADE CONSTRAINTS;
DROP TABLE VENDEDOR CASCADE CONSTRAINTS;
DROP TABLE PRODUTO CASCADE CONSTRAINTS;
DROP TABLE CLIENTE CASCADE CONSTRAINTS;
DROP TABLE LOJA CASCADE CONSTRAINTS;

CREATE TABLE VENDEDOR
 (CD_VDD NUMBER(5) NOT NULL
 ,NM_VDD VARCHAR2(30) NOT NULL
 ,VL_SAL NUMBER(9,2) NOT NULL
 ,CD_SUPERVISOR NUMBER(5)
 )
/

CREATE TABLE CLIENTE
 (CD_CLI NUMBER(5) NOT NULL
 ,NM_CLI VARCHAR2(30) NOT NULL
 ,NM_CID VARCHAR2(40) NOT NULL
 )
/

CREATE TABLE VENDA
 (CD_LOJ NUMBER(5) NOT NULL
 ,CD_VEN NUMBER(9) NOT NULL
 ,DT_VEN DATE NOT NULL
 ,CD_VDD NUMBER(5) NOT NULL
 ,CD_CLI NUMBER(5) NOT NULL
 )
/

CREATE TABLE LOJA
 (CD_LOJ NUMBER(5) NOT NULL
 ,NM_LOJ VARCHAR2(30) NOT NULL
 ,NM_CID VARCHAR2(40) NOT NULL
 )
/

CREATE TABLE PARCELA
 (CD_LOJ NUMBER(5) NOT NULL
 ,CD_VEN NUMBER(9) NOT NULL
 ,CD_PAR NUMBER(9) NOT NULL
 ,DT_VCTO DATE NOT NULL
 ,VL_PAR NUMBER(9,2) NOT NULL
 ,DT_PAGTO DATE
 ,VL_PAGO NUMBER(9,2)
 )
/

CREATE TABLE PRODUTO
 (CD_PRO NUMBER(5) NOT NULL
 ,NM_PRO VARCHAR2(30) NOT NULL
 ,NM_CLASSE VARCHAR2(20) NOT NULL
 ,VL_PRO NUMBER(9,2) NOT NULL
 ,QT_EST NUMBER(9,2) NOT NULL
 )
/

CREATE TABLE ITEM_VENDA
 (CD_LOJ NUMBER(5) NOT NULL
 ,CD_VEN NUMBER(9) NOT NULL
 ,CD_PRO NUMBER(5) NOT NULL
 ,QT_VEN NUMBER(9,2) NOT NULL
 )
/

ALTER TABLE VENDEDOR
 ADD CONSTRAINT VDD_PK PRIMARY KEY 
  (CD_VDD)
/

ALTER TABLE CLIENTE
 ADD CONSTRAINT CLI_PK PRIMARY KEY 
  (CD_CLI)
/

ALTER TABLE VENDA
 ADD CONSTRAINT VEN_PK PRIMARY KEY 
  (CD_VEN
  ,CD_LOJ)
/

ALTER TABLE LOJA
 ADD CONSTRAINT LOJ_PK PRIMARY KEY 
  (CD_LOJ)
/

ALTER TABLE PARCELA
 ADD CONSTRAINT PAR_PK PRIMARY KEY 
  (CD_PAR
  ,CD_VEN
  ,CD_LOJ)
/

ALTER TABLE PRODUTO
 ADD CONSTRAINT PRO_PK PRIMARY KEY 
  (CD_PRO)
/

ALTER TABLE ITEM_VENDA
 ADD CONSTRAINT ITV_PK PRIMARY KEY 
  (CD_VEN
  ,CD_LOJ
  ,CD_PRO)
/
       
ALTER TABLE VENDEDOR ADD CONSTRAINT
 SUP_VDD_FK FOREIGN KEY 
  (CD_SUPERVISOR) REFERENCES VENDEDOR(CD_VDD)
/

ALTER TABLE VENDA ADD CONSTRAINT
 VEN_VDD_FK FOREIGN KEY 
  (CD_VDD) REFERENCES VENDEDOR
  (CD_VDD) ADD CONSTRAINT
 VEN_CLI_FK FOREIGN KEY 
  (CD_CLI) REFERENCES CLIENTE
  (CD_CLI) ADD CONSTRAINT
 VEN_LOJ_FK FOREIGN KEY 
  (CD_LOJ) REFERENCES LOJA
  (CD_LOJ)
/

ALTER TABLE PARCELA ADD CONSTRAINT
 PAR_VEN_FK FOREIGN KEY 
  (CD_VEN
  ,CD_LOJ) REFERENCES VENDA
  (CD_VEN
  ,CD_LOJ)
/

ALTER TABLE ITEM_VENDA ADD CONSTRAINT
 ITV_VEN_FK FOREIGN KEY 
  (CD_VEN
  ,CD_LOJ) REFERENCES VENDA
  (CD_VEN
  ,CD_LOJ) ADD CONSTRAINT
 ITV_PRO_FK FOREIGN KEY 
  (CD_PRO) REFERENCES PRODUTO
  (CD_PRO)
/

CREATE INDEX VDD_VDD_FK_I ON VENDEDOR
 (CD_SUPERVISOR)
/

CREATE INDEX VEN_VDD_FK_I ON VENDA
 (CD_VDD)
/

CREATE INDEX VEN_CLI_FK_I ON VENDA
 (CD_CLI)
/

CREATE INDEX VEN_LOJ_FK_I ON VENDA
 (CD_LOJ)
/

CREATE INDEX PAR_VEN_FK_I ON PARCELA
 (CD_VEN
 ,CD_LOJ)
/

CREATE INDEX ITV_VEN_FK_I ON ITEM_VENDA
 (CD_VEN
 ,CD_LOJ)
/

CREATE INDEX ITV_PRO_FK_I ON ITEM_VENDA
 (CD_PRO)
/

-- 
-- INSERINDO DADOS NAS TABELAS
--
INSERT INTO CLIENTE VALUES (1,'CLIENTE1','FLORIANOPOLIS')
/
INSERT INTO CLIENTE VALUES (2,'CLIENTE2','PORTO ALEGRE')
/
INSERT INTO CLIENTE VALUES (3,'CLIENTE3','CRICIUMA')
/
INSERT INTO CLIENTE VALUES (4,'CLIENTE4','CRICIUMA')
/
INSERT INTO CLIENTE VALUES (5,'CLIENTE5','ARARANGUA')
/
INSERT INTO CLIENTE VALUES (6,'CLIENTE6','ARARANGUA')
/
INSERT INTO CLIENTE VALUES (7,'CLIENTE7','TURVO')
/
INSERT INTO CLIENTE VALUES (8,'CLIENTE8','TURVO')
/
INSERT INTO CLIENTE VALUES (9,'CLIENTE9','TORRES')
/
INSERT INTO CLIENTE VALUES (10,'CLIENTE10','TORRES')
/
INSERT INTO LOJA VALUES (1,'LOJA1','ARARANGUA')
/
INSERT INTO LOJA VALUES (2,'LOJA2','CRICIUMA')
/
INSERT INTO LOJA VALUES (3,'LOJA3','TORRES')
/
INSERT INTO PRODUTO VALUES (1,'PRODUTO1','CLASSE1',35,380)
/
INSERT INTO PRODUTO VALUES (2,'PRODUTO2','CLASSE2',48,400)
/
INSERT INTO PRODUTO VALUES (3,'PRODUTO3','CLASSE3',77,800)
/
INSERT INTO PRODUTO VALUES (4,'PRODUTO4','CLASSE2',28,600)
/
INSERT INTO PRODUTO VALUES (5,'PRODUTO5','CLASSE3',110,130)
/
INSERT INTO PRODUTO VALUES (6,'PRODUTO6','CLASSE3',15,120)
/
INSERT INTO PRODUTO VALUES (7,'PRODUTO7','CLASSE1',10,1000)
/
INSERT INTO PRODUTO VALUES (8,'PRODUTO8','CLASSE2',30,100)
/
INSERT INTO PRODUTO VALUES (9,'PRODUTO9','CLASSE2',32,350)
/
INSERT INTO PRODUTO VALUES (10,'PRODUTO10','CLASSE2',38,20)
/
INSERT INTO PRODUTO VALUES (11,'PRODUTO11','CLASSE1',40,300)
/
INSERT INTO PRODUTO VALUES (12,'PRODUTO12','CLASSE3',55,1200)
/
INSERT INTO PRODUTO VALUES (13,'PRODUTO13','CLASSE3',25,500)
/
INSERT INTO PRODUTO VALUES (14,'PRODUTO14','CLASSE3',30,700)
/
INSERT INTO PRODUTO VALUES (15,'PRODUTO15','CLASSE2',31,800)
/
INSERT INTO PRODUTO VALUES (16,'PRODUTO16','CLASSE1',39,1500)
/
INSERT INTO VENDEDOR VALUES(1,'VENDEDOR1',800,null)
/
INSERT INTO VENDEDOR VALUES(2,'VENDEDOR2',1500,1)
/
INSERT INTO VENDEDOR VALUES(3,'VENDEDOR3',2200,1)
/
INSERT INTO VENDEDOR VALUES(4,'VENDEDOR4',1500,1)
/
INSERT INTO VENDEDOR VALUES(5,'VENDEDOR5',2200,1)
/
INSERT INTO VENDEDOR VALUES(6,'VENDEDOR6',1850,1)
/
INSERT INTO VENDEDOR VALUES(7,'VENDEDOR7',3400,1)
/
INSERT INTO VENDA VALUES(1,1,TO_DATE('10/05/2005','DD/MM/YYYY'),2,1)
/
INSERT INTO VENDA VALUES(1,2,TO_DATE('10/05/2005','DD/MM/YYYY'),1,1)
/
INSERT INTO VENDA VALUES(1,3,TO_DATE('15/06/2005','DD/MM/YYYY'),2,1)
/
INSERT INTO VENDA VALUES(1,4,TO_DATE('25/07/2005','DD/MM/YYYY'),1,2)
/
INSERT INTO VENDA VALUES(1,5,TO_DATE('25/07/2005','DD/MM/YYYY'),2,3)
/
INSERT INTO VENDA VALUES(1,6,TO_DATE('27/07/2005','DD/MM/YYYY'),2,2)
/
INSERT INTO VENDA VALUES(1,7,TO_DATE('29/11/2005','DD/MM/YYYY'),2,3)
/
INSERT INTO VENDA VALUES(1,8,TO_DATE('29/11/2005','DD/MM/YYYY'),1,2)
/
INSERT INTO VENDA VALUES(1,9,TO_DATE('05/02/2006','DD/MM/YYYY'),1,2)
/
INSERT INTO VENDA VALUES(1,10,TO_DATE('19/06/2006','DD/MM/YYYY'),2,3)
/
INSERT INTO VENDA VALUES(2,1,TO_DATE('10/05/2005','DD/MM/YYYY'),3,3)
/
INSERT INTO VENDA VALUES(2,2,TO_DATE('15/06/2005','DD/MM/YYYY'),4,3)
/
INSERT INTO VENDA VALUES(2,3,TO_DATE('15/06/2005','DD/MM/YYYY'),4,4)
/
INSERT INTO VENDA VALUES(2,4,TO_DATE('25/07/2005','DD/MM/YYYY'),5,4)
/
INSERT INTO VENDA VALUES(2,5,TO_DATE('29/11/2005','DD/MM/YYYY'),3,5)
/
INSERT INTO VENDA VALUES(2,6,TO_DATE('05/02/2006','DD/MM/YYYY'),5,4)
/
INSERT INTO VENDA VALUES(2,7,TO_DATE('05/02/2006','DD/MM/YYYY'),4,4)
/
INSERT INTO VENDA VALUES(2,8,TO_DATE('09/04/2006','DD/MM/YYYY'),3,5)
/
INSERT INTO VENDA VALUES(2,9,TO_DATE('09/04/2006','DD/MM/YYYY'),4,6)
/
INSERT INTO VENDA VALUES(2,10,TO_DATE('19/06/2006','DD/MM/YYYY'),3,6)
/
INSERT INTO VENDA VALUES(2,11,TO_DATE('22/06/2006','DD/MM/YYYY'),5,4)
/
INSERT INTO VENDA VALUES(2,12,TO_DATE('23/06/2006','DD/MM/YYYY'),3,4)
/
INSERT INTO VENDA VALUES(2,13,TO_DATE('27/06/2006','DD/MM/YYYY'),3,4)
/
INSERT INTO VENDA VALUES(3,1,TO_DATE('10/05/2005','DD/MM/YYYY'),6,7)
/
INSERT INTO VENDA VALUES(3,2,TO_DATE('10/05/2005','DD/MM/YYYY'),6,7)
/
INSERT INTO VENDA VALUES(3,3,TO_DATE('15/06/2005','DD/MM/YYYY'),6,8)
/
INSERT INTO VENDA VALUES(3,4,TO_DATE('25/07/2005','DD/MM/YYYY'),7,8)
/
INSERT INTO VENDA VALUES(3,5,TO_DATE('25/07/2005','DD/MM/YYYY'),7,9)
/
INSERT INTO VENDA VALUES(3,6,TO_DATE('29/11/2005','DD/MM/YYYY'),6,9)
/
INSERT INTO VENDA VALUES(3,7,TO_DATE('29/11/2005','DD/MM/YYYY'),7,10)
/
INSERT INTO VENDA VALUES(3,8,TO_DATE('29/11/2005','DD/MM/YYYY'),7,10)
/
INSERT INTO VENDA VALUES(3,9,TO_DATE('05/02/2006','DD/MM/YYYY'),6,9)
/
INSERT INTO VENDA VALUES(3,10,TO_DATE('09/04/2006','DD/MM/YYYY'),6,8)
/
INSERT INTO VENDA VALUES(3,11,TO_DATE('12/04/2006','DD/MM/YYYY'),6,8)
/
INSERT INTO VENDA VALUES(3,12,TO_DATE('15/04/2006','DD/MM/YYYY'),7,7)
/
INSERT INTO VENDA VALUES(3,13,TO_DATE('19/06/2006','DD/MM/YYYY'),7,3)
/
INSERT INTO VENDA VALUES(3,14,TO_DATE('29/07/2006','DD/MM/YYYY'),7,3)
/
INSERT INTO VENDA VALUES(3,15,TO_DATE('30/07/2006','DD/MM/YYYY'),7,7)
/
INSERT INTO VENDA VALUES(3,16,TO_DATE('19/08/2006','DD/MM/YYYY'),6,8)
/
INSERT INTO VENDA VALUES(3,17,TO_DATE('19/09/2006','DD/MM/YYYY'),7,9)
/
INSERT INTO VENDA VALUES(3,18,TO_DATE('22/09/2006','DD/MM/YYYY'),7,9)
/
INSERT INTO PARCELA VALUES(1,1,1,TO_DATE('10/08/2005','DD/MM/YYYY'),95,TO_DATE('10/08/2005','DD/MM/YYYY'),95)
/
INSERT INTO PARCELA VALUES(1,1,2,TO_DATE('10/09/2005','DD/MM/YYYY'),95,TO_DATE('10/09/2005','DD/MM/YYYY'),95)
/
INSERT INTO PARCELA VALUES(1,1,3,TO_DATE('10/10/2005','DD/MM/YYYY'),95,TO_DATE('15/10/2005','DD/MM/YYYY'),105)
/
INSERT INTO PARCELA VALUES(1,1,4,TO_DATE('10/11/2005','DD/MM/YYYY'),95,TO_DATE('15/11/2005','DD/MM/YYYY'),107)
/
INSERT INTO PARCELA VALUES(1,1,5,TO_DATE('10/12/2005','DD/MM/YYYY'),95,TO_DATE('12/12/2005','DD/MM/YYYY'),103)
/
INSERT INTO PARCELA VALUES(1,2,1,TO_DATE('10/12/2005','DD/MM/YYYY'),180,TO_DATE('10/12/2005','DD/MM/YYYY'),180)
/
INSERT INTO PARCELA VALUES(1,2,2,TO_DATE('10/01/2006','DD/MM/YYYY'),180,TO_DATE('10/02/2006','DD/MM/YYYY'),214)
/
INSERT INTO PARCELA VALUES(1,2,3,TO_DATE('10/02/2006','DD/MM/YYYY'),180,NULL,NULL)
/
INSERT INTO PARCELA VALUES(1,3,1,TO_DATE('10/04/2006','DD/MM/YYYY'),340,NULL,NULL)
/
INSERT INTO PARCELA VALUES(1,4,1,TO_DATE('25/06/2006','DD/MM/YYYY'),420,TO_DATE('25/06/2006','DD/MM/YYYY'),420)
/
INSERT INTO PARCELA VALUES(1,4,2,TO_DATE('25/07/2006','DD/MM/YYYY'),420,TO_DATE('02/08/2006','DD/MM/YYYY'),460)
/
INSERT INTO PARCELA VALUES(1,5,1,TO_DATE('20/04/2006','DD/MM/YYYY'),310,TO_DATE('20/04/2006','DD/MM/YYYY'),310)
/
INSERT INTO PARCELA VALUES(1,6,1,TO_DATE('20/03/2006','DD/MM/YYYY'),450,TO_DATE('22/03/2006','DD/MM/YYYY'),475)
/
INSERT INTO PARCELA VALUES(1,6,2,TO_DATE('20/04/2006','DD/MM/YYYY'),450,null,null)
/
INSERT INTO PARCELA VALUES(1,7,1,TO_DATE('10/12/2005','DD/MM/YYYY'),180,TO_DATE('10/12/2005','DD/MM/YYYY'),180)
/
INSERT INTO PARCELA VALUES(1,7,2,TO_DATE('10/01/2006','DD/MM/YYYY'),180,TO_DATE('10/02/2006','DD/MM/YYYY'),214)
/
INSERT INTO PARCELA VALUES(1,7,3,TO_DATE('10/02/2006','DD/MM/YYYY'),180,NULL,NULL)
/
INSERT INTO PARCELA VALUES(1,8,1,TO_DATE('10/12/2005','DD/MM/YYYY'),180,TO_DATE('10/12/2005','DD/MM/YYYY'),180)
/
INSERT INTO PARCELA VALUES(1,8,2,TO_DATE('10/01/2006','DD/MM/YYYY'),180,TO_DATE('10/02/2006','DD/MM/YYYY'),214)
/
INSERT INTO PARCELA VALUES(1,9,1,TO_DATE('20/03/2006','DD/MM/YYYY'),450,TO_DATE('22/03/2006','DD/MM/YYYY'),475)
/
INSERT INTO PARCELA VALUES(1,9,2,TO_DATE('20/04/2006','DD/MM/YYYY'),450,null,null)
/
INSERT INTO PARCELA VALUES(1,10,1,TO_DATE('20/03/2006','DD/MM/YYYY'),420,TO_DATE('22/03/2006','DD/MM/YYYY'),475)
/
INSERT INTO PARCELA VALUES(1,10,2,TO_DATE('20/04/2006','DD/MM/YYYY'),420,null,null)
/
INSERT INTO PARCELA VALUES(2,1,1,TO_DATE('10/08/2005','DD/MM/YYYY'),95,TO_DATE('10/08/2005','DD/MM/YYYY'),95)
/
INSERT INTO PARCELA VALUES(2,1,2,TO_DATE('10/09/2005','DD/MM/YYYY'),95,TO_DATE('10/09/2005','DD/MM/YYYY'),95)
/
INSERT INTO PARCELA VALUES(2,1,3,TO_DATE('10/10/2005','DD/MM/YYYY'),95,TO_DATE('15/10/2005','DD/MM/YYYY'),105)
/
INSERT INTO PARCELA VALUES(2,1,4,TO_DATE('10/11/2005','DD/MM/YYYY'),95,TO_DATE('15/11/2005','DD/MM/YYYY'),107)
/
INSERT INTO PARCELA VALUES(2,1,5,TO_DATE('10/12/2005','DD/MM/YYYY'),95,TO_DATE('12/12/2005','DD/MM/YYYY'),103)
/
INSERT INTO PARCELA VALUES(2,2,1,TO_DATE('10/12/2005','DD/MM/YYYY'),180,TO_DATE('10/12/2005','DD/MM/YYYY'),180)
/
INSERT INTO PARCELA VALUES(2,2,2,TO_DATE('10/01/2006','DD/MM/YYYY'),180,TO_DATE('10/02/2006','DD/MM/YYYY'),214)
/
INSERT INTO PARCELA VALUES(2,2,3,TO_DATE('10/02/2006','DD/MM/YYYY'),180,NULL,NULL)
/
INSERT INTO PARCELA VALUES(2,3,1,TO_DATE('10/04/2006','DD/MM/YYYY'),340,NULL,NULL)
/
INSERT INTO PARCELA VALUES(2,4,1,TO_DATE('25/06/2006','DD/MM/YYYY'),420,TO_DATE('25/06/2006','DD/MM/YYYY'),420)
/
INSERT INTO PARCELA VALUES(2,4,2,TO_DATE('25/07/2006','DD/MM/YYYY'),420,TO_DATE('02/08/2006','DD/MM/YYYY'),460)
/
INSERT INTO PARCELA VALUES(2,5,1,TO_DATE('20/04/2006','DD/MM/YYYY'),310,TO_DATE('20/04/2006','DD/MM/YYYY'),310)
/
INSERT INTO PARCELA VALUES(2,6,1,TO_DATE('20/03/2006','DD/MM/YYYY'),450,TO_DATE('22/03/2006','DD/MM/YYYY'),475)
/
INSERT INTO PARCELA VALUES(2,6,2,TO_DATE('20/04/2006','DD/MM/YYYY'),450,null,null)
/
INSERT INTO PARCELA VALUES(2,7,1,TO_DATE('10/12/2005','DD/MM/YYYY'),180,TO_DATE('10/12/2005','DD/MM/YYYY'),180)
/
INSERT INTO PARCELA VALUES(2,7,2,TO_DATE('10/01/2006','DD/MM/YYYY'),180,TO_DATE('10/02/2006','DD/MM/YYYY'),214)
/
INSERT INTO PARCELA VALUES(2,7,3,TO_DATE('10/02/2006','DD/MM/YYYY'),180,NULL,NULL)
/
INSERT INTO PARCELA VALUES(2,8,1,TO_DATE('10/12/2005','DD/MM/YYYY'),180,TO_DATE('10/12/2005','DD/MM/YYYY'),180)
/
INSERT INTO PARCELA VALUES(2,8,2,TO_DATE('10/01/2006','DD/MM/YYYY'),180,TO_DATE('10/02/2006','DD/MM/YYYY'),214)
/
INSERT INTO PARCELA VALUES(2,9,1,TO_DATE('20/03/2006','DD/MM/YYYY'),450,TO_DATE('22/03/2006','DD/MM/YYYY'),475)
/
INSERT INTO PARCELA VALUES(2,9,2,TO_DATE('20/04/2006','DD/MM/YYYY'),450,null,null)
/
INSERT INTO PARCELA VALUES(2,9,3,TO_DATE('20/05/2006','DD/MM/YYYY'),450,null,null)
/
INSERT INTO PARCELA VALUES(2,10,1,TO_DATE('20/03/2006','DD/MM/YYYY'),420,TO_DATE('22/03/2006','DD/MM/YYYY'),475)
/
INSERT INTO PARCELA VALUES(2,10,2,TO_DATE('20/04/2006','DD/MM/YYYY'),420,null,null)
/
INSERT INTO PARCELA VALUES(2,10,3,TO_DATE('20/05/2006','DD/MM/YYYY'),420,null,null)
/
INSERT INTO PARCELA VALUES(2,11,1,TO_DATE('10/08/2005','DD/MM/YYYY'),95,TO_DATE('10/08/2005','DD/MM/YYYY'),95)
/
INSERT INTO PARCELA VALUES(2,11,2,TO_DATE('10/09/2005','DD/MM/YYYY'),95,TO_DATE('10/09/2005','DD/MM/YYYY'),95)
/
INSERT INTO PARCELA VALUES(2,11,3,TO_DATE('10/10/2005','DD/MM/YYYY'),95,TO_DATE('15/10/2005','DD/MM/YYYY'),105)
/
INSERT INTO PARCELA VALUES(2,11,4,TO_DATE('10/11/2005','DD/MM/YYYY'),95,TO_DATE('15/11/2005','DD/MM/YYYY'),107)
/
INSERT INTO PARCELA VALUES(2,11,5,TO_DATE('10/12/2005','DD/MM/YYYY'),95,TO_DATE('12/12/2005','DD/MM/YYYY'),103)
/
INSERT INTO PARCELA VALUES(2,12,1,TO_DATE('10/12/2005','DD/MM/YYYY'),180,TO_DATE('10/12/2005','DD/MM/YYYY'),180)
/
INSERT INTO PARCELA VALUES(2,12,2,TO_DATE('10/01/2006','DD/MM/YYYY'),180,TO_DATE('10/02/2006','DD/MM/YYYY'),214)
/
INSERT INTO PARCELA VALUES(2,12,3,TO_DATE('10/02/2006','DD/MM/YYYY'),180,NULL,NULL)
/
INSERT INTO PARCELA VALUES(2,13,1,TO_DATE('10/04/2006','DD/MM/YYYY'),340,NULL,NULL)
/
INSERT INTO PARCELA VALUES(3,1,1,TO_DATE('10/08/2005','DD/MM/YYYY'),95,TO_DATE('10/08/2005','DD/MM/YYYY'),95)
/
INSERT INTO PARCELA VALUES(3,1,2,TO_DATE('10/09/2005','DD/MM/YYYY'),95,TO_DATE('10/09/2005','DD/MM/YYYY'),95)
/
INSERT INTO PARCELA VALUES(3,1,3,TO_DATE('10/10/2005','DD/MM/YYYY'),95,TO_DATE('15/10/2005','DD/MM/YYYY'),105)
/
INSERT INTO PARCELA VALUES(3,1,4,TO_DATE('10/11/2005','DD/MM/YYYY'),95,TO_DATE('15/11/2005','DD/MM/YYYY'),107)
/
INSERT INTO PARCELA VALUES(3,1,5,TO_DATE('10/12/2005','DD/MM/YYYY'),95,TO_DATE('12/12/2005','DD/MM/YYYY'),103)
/
INSERT INTO PARCELA VALUES(3,2,1,TO_DATE('10/12/2005','DD/MM/YYYY'),180,TO_DATE('10/12/2005','DD/MM/YYYY'),180)
/
INSERT INTO PARCELA VALUES(3,2,2,TO_DATE('10/01/2006','DD/MM/YYYY'),180,TO_DATE('10/02/2006','DD/MM/YYYY'),214)
/
INSERT INTO PARCELA VALUES(3,2,3,TO_DATE('10/02/2006','DD/MM/YYYY'),180,NULL,NULL)
/
INSERT INTO PARCELA VALUES(3,3,1,TO_DATE('10/04/2006','DD/MM/YYYY'),340,NULL,NULL)
/
INSERT INTO PARCELA VALUES(3,4,1,TO_DATE('25/06/2006','DD/MM/YYYY'),420,TO_DATE('25/06/2006','DD/MM/YYYY'),420)
/
INSERT INTO PARCELA VALUES(3,4,2,TO_DATE('25/07/2006','DD/MM/YYYY'),420,TO_DATE('02/08/2006','DD/MM/YYYY'),460)
/
INSERT INTO PARCELA VALUES(3,5,1,TO_DATE('20/04/2006','DD/MM/YYYY'),310,TO_DATE('20/04/2006','DD/MM/YYYY'),310)
/
INSERT INTO PARCELA VALUES(3,6,1,TO_DATE('20/03/2006','DD/MM/YYYY'),450,TO_DATE('22/03/2006','DD/MM/YYYY'),475)
/
INSERT INTO PARCELA VALUES(3,6,2,TO_DATE('20/04/2006','DD/MM/YYYY'),450,null,null)
/
INSERT INTO PARCELA VALUES(3,7,1,TO_DATE('10/12/2005','DD/MM/YYYY'),180,TO_DATE('10/12/2005','DD/MM/YYYY'),180)
/
INSERT INTO PARCELA VALUES(3,7,2,TO_DATE('10/01/2006','DD/MM/YYYY'),180,TO_DATE('10/02/2006','DD/MM/YYYY'),214)
/
INSERT INTO PARCELA VALUES(3,7,3,TO_DATE('10/02/2006','DD/MM/YYYY'),180,NULL,NULL)
/
INSERT INTO PARCELA VALUES(3,8,1,TO_DATE('10/12/2005','DD/MM/YYYY'),180,TO_DATE('10/12/2005','DD/MM/YYYY'),180)
/
INSERT INTO PARCELA VALUES(3,8,2,TO_DATE('10/01/2006','DD/MM/YYYY'),180,TO_DATE('10/02/2006','DD/MM/YYYY'),214)
/
INSERT INTO PARCELA VALUES(3,9,1,TO_DATE('20/03/2006','DD/MM/YYYY'),450,TO_DATE('22/03/2006','DD/MM/YYYY'),475)
/
INSERT INTO PARCELA VALUES(3,9,2,TO_DATE('20/04/2006','DD/MM/YYYY'),450,null,null)
/
INSERT INTO PARCELA VALUES(3,9,3,TO_DATE('20/05/2006','DD/MM/YYYY'),450,null,null)
/
INSERT INTO PARCELA VALUES(3,10,1,TO_DATE('20/03/2006','DD/MM/YYYY'),420,TO_DATE('22/03/2006','DD/MM/YYYY'),475)
/
INSERT INTO PARCELA VALUES(3,10,2,TO_DATE('20/04/2006','DD/MM/YYYY'),420,null,null)
/
INSERT INTO PARCELA VALUES(3,10,3,TO_DATE('20/05/2006','DD/MM/YYYY'),420,null,null)
/
INSERT INTO PARCELA VALUES(3,11,1,TO_DATE('10/08/2005','DD/MM/YYYY'),95,TO_DATE('10/08/2005','DD/MM/YYYY'),95)
/
INSERT INTO PARCELA VALUES(3,11,2,TO_DATE('10/09/2005','DD/MM/YYYY'),95,TO_DATE('10/09/2005','DD/MM/YYYY'),95)
/
INSERT INTO PARCELA VALUES(3,11,3,TO_DATE('10/10/2005','DD/MM/YYYY'),95,TO_DATE('15/10/2005','DD/MM/YYYY'),105)
/
INSERT INTO PARCELA VALUES(3,11,4,TO_DATE('10/11/2005','DD/MM/YYYY'),95,TO_DATE('15/11/2005','DD/MM/YYYY'),107)
/
INSERT INTO PARCELA VALUES(3,11,5,TO_DATE('10/12/2005','DD/MM/YYYY'),95,TO_DATE('12/12/2005','DD/MM/YYYY'),103)
/
INSERT INTO PARCELA VALUES(3,12,1,TO_DATE('10/12/2005','DD/MM/YYYY'),180,TO_DATE('10/12/2005','DD/MM/YYYY'),180)
/
INSERT INTO PARCELA VALUES(3,12,2,TO_DATE('10/01/2006','DD/MM/YYYY'),180,TO_DATE('10/02/2006','DD/MM/YYYY'),214)
/
INSERT INTO PARCELA VALUES(3,12,3,TO_DATE('10/02/2006','DD/MM/YYYY'),180,NULL,NULL)
/
INSERT INTO PARCELA VALUES(3,13,1,TO_DATE('10/04/2006','DD/MM/YYYY'),340,NULL,NULL)
/
INSERT INTO PARCELA VALUES(3,14,1,TO_DATE('20/03/2006','DD/MM/YYYY'),450,TO_DATE('22/03/2006','DD/MM/YYYY'),475)
/
INSERT INTO PARCELA VALUES(3,14,2,TO_DATE('20/04/2006','DD/MM/YYYY'),450,null,null)
/
INSERT INTO PARCELA VALUES(3,15,1,TO_DATE('20/03/2006','DD/MM/YYYY'),420,TO_DATE('22/03/2006','DD/MM/YYYY'),475)
/
INSERT INTO PARCELA VALUES(3,15,2,TO_DATE('20/04/2006','DD/MM/YYYY'),420,null,null)
/
INSERT INTO PARCELA VALUES(3,15,3,TO_DATE('20/05/2006','DD/MM/YYYY'),420,null,null)
/
INSERT INTO PARCELA VALUES(3,16,1,TO_DATE('10/08/2005','DD/MM/YYYY'),95,TO_DATE('10/08/2005','DD/MM/YYYY'),95)
/
INSERT INTO PARCELA VALUES(3,16,2,TO_DATE('10/09/2005','DD/MM/YYYY'),95,TO_DATE('10/09/2005','DD/MM/YYYY'),95)
/
INSERT INTO PARCELA VALUES(3,16,3,TO_DATE('10/10/2005','DD/MM/YYYY'),95,TO_DATE('15/10/2005','DD/MM/YYYY'),105)
/
INSERT INTO PARCELA VALUES(3,16,4,TO_DATE('10/11/2005','DD/MM/YYYY'),95,TO_DATE('15/11/2005','DD/MM/YYYY'),107)
/
INSERT INTO PARCELA VALUES(3,16,5,TO_DATE('10/12/2005','DD/MM/YYYY'),95,TO_DATE('12/12/2005','DD/MM/YYYY'),103)
/
INSERT INTO PARCELA VALUES(3,17,1,TO_DATE('10/12/2005','DD/MM/YYYY'),180,TO_DATE('10/12/2005','DD/MM/YYYY'),180)
/
INSERT INTO PARCELA VALUES(3,17,2,TO_DATE('10/08/2006','DD/MM/YYYY'),180,null,null)
/
INSERT INTO PARCELA VALUES(3,17,3,TO_DATE('10/09/2006','DD/MM/YYYY'),180,NULL,NULL)
/
INSERT INTO PARCELA VALUES(3,18,1,TO_DATE('10/07/2006','DD/MM/YYYY'),340,NULL,NULL)
/
INSERT INTO ITEM_VENDA VALUES(1,1,3,5)
/
INSERT INTO ITEM_VENDA VALUES(1,1,8,6)
/
INSERT INTO ITEM_VENDA VALUES(1,2,4,7)
/
INSERT INTO ITEM_VENDA VALUES(1,2,3,3)
/
INSERT INTO ITEM_VENDA VALUES(1,2,7,2)
/
INSERT INTO ITEM_VENDA VALUES(1,3,1,1)
/
INSERT INTO ITEM_VENDA VALUES(1,3,10,8)
/
INSERT INTO ITEM_VENDA VALUES(1,4,14,2)
/
INSERT INTO ITEM_VENDA VALUES(1,5,13,3)
/
INSERT INTO ITEM_VENDA VALUES(1,6,11,7)
/
INSERT INTO ITEM_VENDA VALUES(1,6,8,5)
/
INSERT INTO ITEM_VENDA VALUES(1,6,3,6)
/
INSERT INTO ITEM_VENDA VALUES(1,6,1,9)
/
INSERT INTO ITEM_VENDA VALUES(1,6,10,4)
/
INSERT INTO ITEM_VENDA VALUES(1,7,2,6)
/
INSERT INTO ITEM_VENDA VALUES(1,8,9,8)
/
INSERT INTO ITEM_VENDA VALUES(1,8,7,2)
/
INSERT INTO ITEM_VENDA VALUES(1,8,6,5)
/
INSERT INTO ITEM_VENDA VALUES(1,9,4,3)
/
INSERT INTO ITEM_VENDA VALUES(1,9,5,3)
/
INSERT INTO ITEM_VENDA VALUES(1,9,10,1)
/
INSERT INTO ITEM_VENDA VALUES(1,10,12,4)
/
INSERT INTO ITEM_VENDA VALUES(2,1,2,5)
/
INSERT INTO ITEM_VENDA VALUES(2,2,8,2)
/
INSERT INTO ITEM_VENDA VALUES(2,2,3,3)
/
INSERT INTO ITEM_VENDA VALUES(2,2,7,4)
/
INSERT INTO ITEM_VENDA VALUES(2,3,12,1)
/
INSERT INTO ITEM_VENDA VALUES(2,3,10,8)
/
INSERT INTO ITEM_VENDA VALUES(2,4,10,5)
/
INSERT INTO ITEM_VENDA VALUES(2,5,11,3)
/
INSERT INTO ITEM_VENDA VALUES(2,6,4,7)
/
INSERT INTO ITEM_VENDA VALUES(2,6,8,10)
/
INSERT INTO ITEM_VENDA VALUES(2,6,3,6)
/
INSERT INTO ITEM_VENDA VALUES(2,6,1,9)
/
INSERT INTO ITEM_VENDA VALUES(2,6,13,2)
/
INSERT INTO ITEM_VENDA VALUES(2,7,2,6)
/
INSERT INTO ITEM_VENDA VALUES(2,8,9,3)
/
INSERT INTO ITEM_VENDA VALUES(2,8,3,2)
/
INSERT INTO ITEM_VENDA VALUES(2,8,6,4)
/
INSERT INTO ITEM_VENDA VALUES(2,9,4,3)
/
INSERT INTO ITEM_VENDA VALUES(2,9,5,1)
/
INSERT INTO ITEM_VENDA VALUES(2,9,7,4)
/
INSERT INTO ITEM_VENDA VALUES(2,10,11,2)
/
INSERT INTO ITEM_VENDA VALUES(2,11,4,7)
/
INSERT INTO ITEM_VENDA VALUES(2,11,1,15)
/
INSERT INTO ITEM_VENDA VALUES(2,11,7,4)
/
INSERT INTO ITEM_VENDA VALUES(2,12,5,6)
/
INSERT INTO ITEM_VENDA VALUES(2,13,2,5)
/
INSERT INTO ITEM_VENDA VALUES(2,13,8,2)
/
INSERT INTO ITEM_VENDA VALUES(2,13,4,7)
/
INSERT INTO ITEM_VENDA VALUES(3,1,5,5)
/
INSERT INTO ITEM_VENDA VALUES(3,2,6,2)
/
INSERT INTO ITEM_VENDA VALUES(3,2,4,3)
/
INSERT INTO ITEM_VENDA VALUES(3,2,7,4)
/
INSERT INTO ITEM_VENDA VALUES(3,3,12,1)
/
INSERT INTO ITEM_VENDA VALUES(3,3,13,8)
/
INSERT INTO ITEM_VENDA VALUES(3,4,8,5)
/
INSERT INTO ITEM_VENDA VALUES(3,5,12,3)
/
INSERT INTO ITEM_VENDA VALUES(3,6,9,7)
/
INSERT INTO ITEM_VENDA VALUES(3,6,8,10)
/
INSERT INTO ITEM_VENDA VALUES(3,6,2,6)
/
INSERT INTO ITEM_VENDA VALUES(3,6,1,9)
/
INSERT INTO ITEM_VENDA VALUES(3,6,13,2)
/
INSERT INTO ITEM_VENDA VALUES(3,7,4,6)
/
INSERT INTO ITEM_VENDA VALUES(3,8,5,3)
/
INSERT INTO ITEM_VENDA VALUES(3,8,3,2)
/
INSERT INTO ITEM_VENDA VALUES(3,8,2,4)
/
INSERT INTO ITEM_VENDA VALUES(3,9,10,3)
/
INSERT INTO ITEM_VENDA VALUES(3,9,11,1)
/
INSERT INTO ITEM_VENDA VALUES(3,9,6,4)
/
INSERT INTO ITEM_VENDA VALUES(3,10,11,2)
/
INSERT INTO ITEM_VENDA VALUES(3,11,4,7)
/
INSERT INTO ITEM_VENDA VALUES(3,11,1,15)
/
INSERT INTO ITEM_VENDA VALUES(3,11,2,4)
/
INSERT INTO ITEM_VENDA VALUES(3,12,5,6)
/
INSERT INTO ITEM_VENDA VALUES(3,13,5,5)
/
INSERT INTO ITEM_VENDA VALUES(3,13,8,2)
/
INSERT INTO ITEM_VENDA VALUES(3,13,4,7)
/
INSERT INTO ITEM_VENDA VALUES(3,14,12,1)
/
INSERT INTO ITEM_VENDA VALUES(3,14,3,6)
/
INSERT INTO ITEM_VENDA VALUES(3,15,4,3)
/
INSERT INTO ITEM_VENDA VALUES(3,16,12,3)
/
INSERT INTO ITEM_VENDA VALUES(3,17,9,2)
/
INSERT INTO ITEM_VENDA VALUES(3,17,8,10)
/
INSERT INTO ITEM_VENDA VALUES(3,17,2,6)
/
INSERT INTO ITEM_VENDA VALUES(3,17,7,9)
/
INSERT INTO ITEM_VENDA VALUES(3,17,10,2)
/
INSERT INTO ITEM_VENDA VALUES(3,18,11,6)
/
COMMIT
/


